https://www.idee.paris.fr,None,None,255,0,None,1
https://www.allinnet.info,None,1,73,0,0,1
https://www.fusione.enea.it,None,None,321,0,None,1
https://www.andys-arcade.net,0.0,0,245,0,0,1
https://www.claudiax.net,None,None,None,0,None,1
https://www.ngo-realm.org,None,None,None,0,None,1
https://www.classicmotorcycles.org.uk,None,1,105,0,0,1
https://www.believersportal.com,99.11764705882354,1,124,0,0,1
https://www.buddhaartgallery.com,None,None,68,0,None,1
https://www.gurujoshproject.com,None,None,179,0,None,1
https://www.dharmaarts.ning.com,None,None,226,0,None,1
https://www.wildturkeyzone.com,0.0,0,263,0,1,1
https://www.ybmallinall.com,13.333333333333334,0,228,0,0,1
https://www.teeswildlife.org,20.833333333333336,0,190,0,55,1
https://www.tmmifoundation.org,None,None,209,0,None,1
https://www.enjoymountainhome.com,90.36697247706422,1,244,0,None,1
https://www.bjorn.is,0.0,0,78,0,0,1
https://www.eh4-marenostrum.net,None,None,19,0,None,1
https://www.uerj.net,None,None,12,0,None,1
https://www.www2.usa-gymnastics.org,None,None,320,0,None,1
https://www.theswi.org.uk,15.625,0,92,0,None,1
https://www.minuto.com.co,None,None,27,0,None,1
https://www.eweiqi.com,None,None,238,0,None,1
https://www.guitarbench.com,None,0,172,0,0,1
https://www.cars.ign.com,None,None,291,0,None,1
https://www.sapnamagazine.com,None,None,224,0,0,1
https://www.strife.com,None,None,314,0,None,1
https://www.tylerc.com,76.47058823529412,1,155,0,0,1
https://www.aogusma.org,None,None,280,0,None,1
https://www.kallistogaiapress.org,30.37974683544304,0,95,0,53,1
https://www.warroom.org,None,1,93,1,0,1
https://www.victorianchurches.blogspot.co.uk,None,None,None,0,None,1
https://www.cashbackworld.com,79.63800904977376,1,191,0,0,1
https://www.facebook.us8.list-manage.com,None,None,198,0,None,1
https://www.newmaterials.com,None,0,295,0,0,1
https://www.sitemeer.com,None,None,122,1,None,1
https://www.projectosyo.wixsite.com,None,None,None,0,None,1
https://www.e-evidence.info,None,None,91,0,None,1
https://www.springcloud.io,6.382978723404255,0,51,0,33,1
https://www.benettonbasket.it,None,None,270,0,None,1
https://www.course.shufe.edu.cn,None,None,None,0,None,1
https://www.dixonusa.com,98.0,1,291,0,0,1
https://www.claudiolarini.altervista.org,None,None,None,0,None,1
https://www.digital.sl.nsw.gov.au,None,None,None,0,None,1
https://www.gallagherseals.com,2.4271844660194173,0,291,0,None,1
https://www.garyauerbach.com,None,None,254,0,None,1
https://www.indiebandsblog.com,None,None,161,0,None,1
https://www.grass.fbk.eu,None,None,None,0,None,1
https://www.kirjakauppaliitto.fi,90.9090909090909,1,275,0,0,1
https://www.somervillenj.org,None,0,237,0,0,1
https://www.ethicalhack3r.co.uk,None,None,167,0,None,1
https://www.croxleyraillink.com,None,None,155,0,None,1
https://www.gizmovil.com,99.30555555555556,1,189,0,None,1
https://www.nylizards.com,None,None,169,0,None,1
https://www.radioconcierto.com.py,97.03703703703704,1,None,0,0,1
https://www.wisconsinautomuseum.com,62.5,1,237,0,0,1
https://www.portaldoconhecimento.gov.cv,None,None,None,0,None,1
https://www.argis.ualr.edu,None,None,None,0,None,1
https://www.etu.triathlon.org,None,None,318,0,None,1
https://www.queen.peoples.ru,None,None,275,0,None,1
https://www.navigation-spreadsheets.com,None,0,9,0,0,1
https://www.greengiant.eu,None,0,None,0,0,1
https://www.asianracing.org,22.535211267605636,0,273,0,4,1
https://www.australianhiphopdirectory.com,0.0,None,81,0,None,1
https://www.measat.com,None,None,290,0,None,1
https://www.geo.uni-tuebingen.de,None,1,None,0,None,1
https://www.oaklawn-il.gov,None,0,None,0,0,1
https://www.leoferres.info,None,0,91,0,0,1
https://www.ondemand.mtv.it,None,None,292,0,None,1
https://www.kyokumen.jp,None,None,None,0,None,1
https://www.bigtimer.net,0.0,0,61,1,1,1
https://www.astronomiainumbria.org,None,None,223,0,None,1
https://www.wccapr.org,40.44943820224719,0,224,0,50,1
https://www.elearning.wfh.org,None,None,323,0,None,1
https://www.maypang.com,9.230769230769232,0,303,0,None,1
https://www.prolampsales.com,0.0,0,93,0,None,1
https://www.edoc.mdc-berlin.de,None,None,None,0,None,1
https://www.neutrinos.llnl.gov,None,None,None,0,None,1
https://www.topotami.gr,88.17204301075269,1,None,0,0,1
https://www.selectourfuture.org,0.0,0,241,0,0,1
https://www.blog.zulip.org,None,None,111,0,None,1
https://www.ocw.kfupm.edu.sa,None,None,None,0,None,1
https://www.somaca.e-monsite.com,None,None,223,0,None,1
https://www.notwithoutmypassport.com,None,1,114,0,0,1
https://www.t-shiga.com,None,0,107,0,0,1
https://www.lamer.lsu.edu,None,None,None,0,None,1
https://www.en.finaly.org,None,None,206,0,None,1
https://www.lexphil.org,18.29268292682927,1,245,0,0,1
https://www.gianphoithongminhhoaphat.com.vn,85.52631578947368,1,None,0,None,1
https://www.bigsurvisitorguide.com,3.1746031746031744,0,78,0,None,1
https://www.danielhomola.com,33.33333333333333,1,173,0,0,1
https://www.sacajaweahome.com,None,0,53,0,0,1
https://www.wrr101.com,None,0,307,0,0,1
https://www.quintet.co.jp,92.5925925925926,0,None,0,0,1
https://www.twellv.co.jp,7.5,0,None,0,88,1
https://www.gtsourapas.net,None,1,0,0,0,1
https://www.webdoodles.org,0.0,0,199,0,0,1
https://www.a.abclocal.go.com,None,None,297,0,None,1
https://www.techresearchonline.com,None,None,64,1,None,1
https://www.zuniv.net,None,0,210,0,0,1
https://www.wikileaksetc.blogspot.nl,None,None,None,0,None,1
https://www.terceracultura.cl,None,None,157,0,0,1
https://www.en.msa.gov.cn,None,None,273,0,None,1
https://www.infoenpunto.com,None,None,166,0,None,1
https://www.kevinenjoyce.com,None,0,252,0,0,1
https://www.cachefly.oreilly.com,None,None,305,0,None,1
https://www.swimsuit-style.com,None,None,16,0,None,1
https://www.japanese.english-dictionary.help,None,None,None,0,None,1
https://www.iob.ie,4.716981132075472,1,167,0,None,1
https://www.targetmalaria.org,83.87096774193549,1,106,0,None,1
https://www.bazz1.com,51.31578947368421,1,148,0,None,1
https://www.french-engravings.com,None,None,179,0,None,1
https://www.iebmedia.com,71.875,1,179,0,None,1
https://www.kogaionon.com,None,None,None,0,None,1
https://www.pedrobaycorp.com,15.789473684210526,0,161,0,0,1
https://www.wampsbibleoflacrosse.com,None,0,161,0,0,1
https://www.erc.com.na,None,None,236,0,None,1
https://www.trafficwaves.org,None,None,191,0,None,1
https://www.cche.ca,82.92682926829268,1,147,0,None,1
https://www.echoparknow.com,None,0,163,0,0,1
https://www.financemalta.org,89.70588235294117,1,185,0,0,1
https://www.los-encinos.org,0.0,0,199,0,0,1
https://www.twistedhistory.net.au,None,None,None,0,0,1
https://www.newportbeachjazzparty.com,None,None,274,0,None,1
https://www.spjeff.com,15.92356687898089,0,159,0,None,1
https://www.carlos-sandoval.de,None,None,None,0,None,1
https://www.puntaumbria.es,None,None,None,0,None,1
https://www.vcc.copyright.gov,None,None,None,0,None,1
https://www.mclib.info,6.730769230769231,1,232,0,93,1
https://www.airnow.supportportal.com,None,None,233,0,None,1
https://www.arthistory.ucr.edu,None,None,None,0,None,1
https://www.westhill.net,10.344827586206897,0,305,0,None,1
https://www.greatwarforum.org,11.30952380952381,0,54,0,146,1
https://www.amh.net.au,0.0,1,None,1,0,1
https://www.mikesdailyjukebox.com,None,0,122,0,0,1
https://www.milledgeville.galileo.usg.edu,None,None,None,0,None,1
https://www.rspec.rubyforge.org,None,None,231,0,None,1
https://www.data.covid19taskforce.com,None,None,15,0,None,1
https://www.kosherfest.com,None,0,307,0,0,1
https://www.largesound.com,None,None,242,0,None,1
https://www.buzz103.radio.com,None,None,314,0,None,1
https://www.rightstartups.com,None,None,115,0,None,1
https://www.tinyfilemanager.github.io,None,None,None,0,None,1
https://www.lycos.co.jp,8.51063829787234,0,None,0,83,1
https://www.nw-enquirer.co.uk,None,None,3,0,None,1
https://www.data.wa.gov.au,64.91228070175438,0,None,0,1,1
https://www.swanlaketour.com,0.0,1,231,0,0,1
https://www.triplecrownrecords.com,None,None,280,0,None,1
https://www.spatial.cs.umn.edu,None,None,None,0,None,1
https://www.deltachi.org,28.125,0,302,0,154,1
https://www.undergroundkent.co.uk,None,1,247,0,0,1
https://www.tribunalconstitucional.ao,None,None,None,0,0,1
https://www.gen-mus.co.il,None,None,None,0,None,1
https://www.airmedical.net,None,None,134,0,None,1
https://www.codexfoundation.org,6.521739130434782,0,None,0,41,1
https://www.spcrr.org,None,None,306,0,None,1
https://www.minerals.state.nv.us,None,None,237,0,None,1
https://www.campbell-kibler.com,None,None,289,0,None,1
https://www.lindaspalding.com,98.7603305785124,1,7,0,0,1
https://www.sinenomine-pub.com,None,None,145,0,None,1
https://www.islacristina.es,None,None,None,0,None,1
https://www.ccge.org,None,None,306,0,None,1
https://www.henrygeorgeschool.org,None,None,278,0,None,1
https://www.ssabuddhist.org,None,None,254,0,None,1
https://www.esmae.ipp.pt,56.11510791366906,0,323,0,58,1
https://www.foxproject.org.uk,73.77049180327869,1,216,0,None,1
https://www.pressfolios-production.s3.amazonaws.com,None,None,206,0,None,1
https://www.pakistan.asia-news.com,None,None,246,0,None,1
https://www.oceandrivemiamibeach.com,None,None,158,0,0,1
https://www.projectgraphics.com,70.58823529411765,1,285,0,0,1
https://www.wasdarwinwrong.com,13.220338983050848,0,239,0,None,1
https://www.outreach.ou.edu,None,None,None,0,None,1
https://www.gradnis.net,6.5420560747663545,1,197,0,100,1
https://www.sciquest.org.nz,None,None,None,0,2,1
https://www.developers.cardano.org,None,None,97,0,None,1
https://www.smallpoxbiosafety.org,3.076923076923077,0,211,0,62,1
https://www.texasnaacp.org,None,None,277,0,None,1
https://www.winegrapes.org,73.91304347826086,1,176,0,None,1
https://www.jhnet.co.uk,None,None,209,0,None,1
https://www.a2zcolleges.com,None,None,281,0,None,1
https://www.foilingweek.com,92.85714285714286,1,109,0,0,1
https://www.skokie.suntimes.com,None,None,327,0,None,1
https://www.blog.honzamrazek.cz,95.83333333333334,None,118,0,0,1
https://www.devbean.net,5.369127516778524,0,118,0,None,1
https://www.zioc.ru,18.181818181818183,1,102,0,0,1
https://www.m.lanacion.com.ar,None,None,76,0,None,1
https://www.savage.net.au,3.7037037037037033,0,None,0,None,1
https://www.analoglamb.com,11.904761904761903,None,98,0,0,1
https://www.habitathumano.com,None,None,1,0,None,1
https://www.siagaindonesia.com,78.26086956521739,1,103,0,0,1
https://www.vermilionhistorical.com,None,None,237,0,None,1
https://www.wawasandigital.com,None,None,244,0,None,1
https://www.whatyoupayforsports.com,None,None,121,0,None,1
https://www.deepwoods.org,0.0,0,264,0,0,1
https://www.archive.thetelegraphandargus.co.uk,None,None,211,0,None,1
https://www.thelongestsite.de,None,None,None,0,None,1
https://www.proyecto.localizarq.es,None,None,None,0,None,1
https://www.historia.palacionacional.info,None,None,158,0,None,1
https://www.susa-jinja.jp,3.9215686274509802,0,None,0,0,1
https://www.web.bi.no,None,None,275,0,None,1
https://www.prints.co.nz,5.816135084427768,0,None,0,481,1
https://www.africahumanitarian.org,95.63106796116504,1,223,0,None,1
https://www.climbers-club.co.uk,None,0,308,0,0,1
https://www.itsallaboutcoventry.co.uk,100.0,1,23,0,0,1
https://www.policehour.co.uk,98.33333333333333,1,103,0,None,1
https://www.3rd5thlancingseascouts.org.uk,3.7735849056603774,0,134,0,42,1
https://www.consorziocostasmeralda.com,19.858156028368796,0,275,0,102,1
https://www.erikds.com,None,0,160,0,0,1
https://www.library-genesis.com,None,0,116,0,0,1
https://www.oldammo.com,0.0,0,272,0,20,1
https://www.parktropa.com,80.0,1,100,0,0,1
https://www.rivistasportiva.com,None,None,7,0,None,1
https://www.swissprivateschoolregister.com,36.84210526315789,1,196,0,None,1
https://www.bacau.insse.ro,None,None,265,0,None,1
https://www.news.gaeatimes.com,None,None,161,0,None,1
https://www.robcrusade.com,None,0,49,0,0,1
https://www.enews.ma,None,None,None,0,None,1
https://www.danamorris.net,None,None,265,0,None,1
https://www.sonomacountylawlibrary.org,40.869565217391305,0,304,0,0,1
https://www.ksp.sg,None,None,None,0,None,1
https://www.wokinghamfestival.co.uk,29.629629629629626,0,169,0,0,1
https://www.daviddawson.com.au,100.0,1,None,0,0,1
https://www.mitsubishi-motors.com.bh,4.819277108433735,1,None,0,0,1
https://www.fitmarkbags.com,None,None,132,0,None,1
https://www.jerrybland.com,0.0,0,129,0,0,1
https://www.johnhandy.com,None,None,281,0,None,1
https://www.montala.com,15.789473684210526,0,211,0,None,1
https://www.teampeterstigter.com,8.823529411764707,0,172,0,89,1
https://www.theradiodepartment.com,54.54545454545454,0,231,0,0,1
https://www.ferrara.comune.fe.it,None,None,317,0,None,1
https://www.ld-dvd-bluray.2-d.jp,None,None,None,0,None,1
https://www.preder.net,0.0,1,261,0,1,1
https://www.tencommandos.net,None,0,86,0,0,1
https://www.indianffth.nl,None,None,18,0,None,1
https://www.ttmath.org,0.0,0,162,0,15,1
https://www.go4it.ro,7.894736842105263,0,196,1,126,1
https://www.nbm-md.1gb.ru,None,None,248,0,None,1
https://www.dragonboat.sport,7.462686567164178,0,None,0,59,1
https://www.alanwilsoncannedheat.com,None,None,150,0,None,1
https://www.highway61radio.com,1.694915254237288,0,73,0,57,1
https://www.jorgeavilaopina.com,None,None,204,0,None,1
https://www.phuktalmonastery.com,None,None,None,0,None,1
https://www.thepopcore.com,None,None,141,0,0,1
https://www.zachjohnsongolf.com,44.03669724770643,0,150,0,None,1
https://www.languageandthinking.bard.edu,None,None,None,0,None,1
https://www.pkditjenpdn.depdag.go.id,None,None,None,0,None,1
https://www.thecaymanislands.ky,92.5,1,None,0,None,1
https://www.davidhydepierce.org,None,None,61,0,None,1
https://www.krp.org,None,None,262,0,None,1
https://www.santafetrailnm.org,None,None,224,0,None,1
https://www.sia.sic.org,None,None,309,0,None,1
https://www.planputina2012.ru,0.0,1,9,0,None,1
https://www.rockwired.com,12.211221122112212,0,214,0,171,1
https://www.ruemasson.com,97.22222222222221,1,12,0,0,1
https://www.section4football.com,None,0,239,0,0,1
https://www.spislandbreeze.com,None,None,7,0,None,1
https://www.electrek.files.wordpress.com,None,None,271,0,None,1
https://www.research.jsc.nasa.gov,None,None,None,0,None,1
https://www.jukeboxhistory.info,None,0,148,0,0,1
https://www.handcuffs.org,None,None,271,0,None,1
https://www.ptpart.co.uk,None,None,271,0,None,1
https://www.eschertile.com,None,0,180,0,0,1
https://www.octaviov.com,0.0,0,229,0,0,1
https://www.sologenealogia.com,20.0,0,185,0,0,1
https://www.tjsawyer.com,None,None,265,0,None,1
https://www.imac.ie,5.555555555555555,0,197,0,None,1
https://www.holyquran.net,5.263157894736842,0,285,1,0,1
https://www.homes101.net,100.0,1,290,0,0,1
https://www.alma-tadema.org,14.130434782608695,0,170,0,None,1
https://www.cgj.org,None,1,314,0,0,1
https://www.nycnpc.org,39.473684210526315,0,246,0,0,1
https://www.way2gocortland.org,0.0,0,133,0,15,1
https://www.asociacionbelabartok.com,None,None,210,0,None,1
https://www.pcc.sagepub.com,None,None,401,0,None,1
https://www.srwestend.com,50.56179775280899,1,241,0,None,1
https://www.catholictreasury.info,None,None,243,0,None,1
https://www.tenorsaxindex.info,4.651162790697675,0,130,0,10,1
https://www.cstrobbe.github.io,None,None,None,0,None,1
https://www.toyota-go-hey.jp,None,None,None,0,None,1
https://www.stf.org.my,None,None,None,0,None,1
https://www.eriecountyhistory.org,None,None,248,0,None,1
https://www.eng.belgradepride.rs,None,None,None,0,None,1
https://www.crediton.co.uk,None,None,64,0,None,1
https://www.farnham.gov.uk,5.729166666666666,0,315,0,164,1
https://www.gtcc.nsw.gov.au,None,None,None,0,None,1
https://www.turing.ethz.ch,9.090909090909092,0,None,0,0,1
https://www.catbus.com,71.73913043478261,None,286,0,None,1
https://www.dramabiz.com,None,None,8,0,None,1
https://www.gibsondulcimers.com,None,0,219,0,0,1
https://www.glencoveheritage.com,0.0,0,None,0,0,1
https://www.indiafilm.com,None,1,292,0,0,1
https://www.itfc-academy.com,10.743801652892563,0,8,0,None,1
https://www.jainteerth.com,None,None,243,0,None,1
https://www.ches.nausicaamedia.com,None,None,195,0,None,1
https://www.ozmalta.com,None,None,101,0,0,1
https://www.picklesnet.com,0.0,0,184,0,0,1
https://www.bolly.sawfnews.com,None,None,197,0,None,1
https://www.spermdonorforum.com,0.0,1,38,0,0,1
https://www.tradinginterestrates.com,None,None,90,0,None,1
https://www.travelingchili.com,3.5294117647058822,1,None,0,0,1
https://www.upgrade74.com,None,None,None,0,None,1
https://www.chmhdd.wetpaint.com,None,None,245,0,None,1
https://www.wrightforyou.com,None,None,304,0,None,1
https://www.pride.yahoo.com,None,None,333,0,None,1
https://www.aget.gr,None,None,None,0,None,1
https://www.heartland.ie,None,None,159,0,None,1
https://www.lazyjack.co.jp,None,None,None,0,None,1
https://www.jibacoacuba.net,None,0,207,0,0,1
https://www.themysteriousindia.net,2.2346368715083798,0,68,0,None,1
https://www.thevalley.net,None,1,239,0,0,1
https://www.ccgh.org,None,None,315,0,None,1
https://www.spica.edpsciences.org,None,None,282,0,None,1
https://www.masoncountychamber.org,42.10526315789473,0,229,0,0,1
https://www.mcsc-net.org,None,None,172,0,None,1
https://www.mesh-networks.org,None,None,13,0,None,1
https://www.cdm15003.contentdm.oclc.org,None,None,398,0,None,1
https://www.ourcatholicfaith.org,100.0,1,229,0,0,1
https://www.outoncampus.org,None,None,13,0,None,1
https://www.pslhistory.org,9.333333333333334,1,187,0,None,1
https://www.sms-wiki.org,None,None,73,0,None,1
https://www.womenofthebeat.org,None,None,20,0,None,1
https://www.alifta.gov.sa,13.580246913580247,1,None,0,None,1
https://www.ankaray.com.tr,None,0,266,0,0,1
https://www.explorethetheatre.co.uk,None,None,125,0,None,1
https://www.northwestcaterer.co.uk,None,None,27,0,None,1
https://www.assda.asn.au,9.090909090909092,0,None,1,5,1
https://www.ref.onixs.biz,None,None,209,0,None,1
https://www.though.cchla.ufpb.br,None,None,38,0,None,1
https://www.books.google.cn,None,None,235,0,None,1
https://www.allthingsmusical.com,0.0,0,303,0,223,1
https://www.borobudur-golf.com,14.285714285714285,0,177,0,14,1
https://www.dmfg.com,None,None,319,0,None,1
https://www.doddfrankregistration.com,None,None,None,0,None,1
https://www.ds-x2.com,None,None,206,0,None,1
https://www.enpontevedra.com,None,None,209,0,None,1
https://www.espiritosantoschool.com,None,None,None,0,None,1
https://www.gayradiouk.com,100.0,None,7,0,0,1
https://www.jmottoson.com,None,None,222,0,None,1
https://www.landlmarketbistro.com,9.67741935483871,0,7,0,0,1
https://www.schloss-johannisberg.com,None,None,280,0,None,1
https://www.blog.sebaslab.com,None,None,127,0,None,1
https://www.subali-klm.com,None,0,258,0,0,1
https://www.untombed.com,None,None,165,0,None,1
https://www.whoisnormanlloyd.com,None,None,182,0,None,1
https://www.kb.acer-remit.eu,None,None,None,0,None,1
https://www.hwy1-17.caltrans.ca.gov,None,None,None,0,None,1
https://www.overseasindian.in,100.0,1,39,0,0,1
https://www.chrisknight.net,46.774193548387096,0,269,0,0,1
https://www.forwildnature.org,2.73972602739726,0,46,0,67,1
https://www.froggs.org,None,None,210,0,None,1
https://www.campania.italy-trip.org,0.0,0,183,0,0,1
https://www.sistasplace.org,11.363636363636363,1,240,0,0,1
https://www.srjcneighbors.org,100.0,1,10,0,0,1
https://www.strosedistrict.org,98.0392156862745,1,242,0,0,1
https://www.walkerlakenv.org,None,None,219,0,None,1
https://www.creativelab.org.ua,None,None,195,0,None,1
https://www.leedsparishchurch.org.uk,None,None,2,0,None,1
https://www.gda.state.mn.us,None,None,236,0,None,1
https://www.europe.aaroads.com,None,None,267,0,None,1
https://www.birminghamb29.com,None,None,132,0,None,1
https://www.calvinshields.com,None,None,42,0,None,1
https://www.continuous-delivery-book.com,None,None,74,0,None,1
https://www.dulcimerica.com,None,None,189,0,None,1
https://www.elmirachristianacademy.com,0.14619883040935672,0,38,0,0,1
https://www.hinduismabout.com,14.285714285714285,0,76,0,None,1
https://www.clonemaster.homestead.com,None,None,304,0,None,1
https://www.mathkeisan.com,0.0,0,270,0,None,1
https://www.omicx.com,20.0,0,90,0,4,1
https://www.barksdale.oncell.com,None,None,282,0,None,1
https://www.old.vicr123.com,None,None,59,0,None,1
https://www.manpower.webfittersstaging.com,None,None,58,0,None,1
https://www.blog.whatispaul.com,None,None,161,0,None,1
https://www.thrownintothefire.wixsite.com,None,None,None,0,None,1
https://www.edicionesanteriores.trabajadores.cu,None,None,None,0,None,1
https://www.creativerebel.de,96.55172413793103,1,None,0,0,1
https://www.forum.hp-prime.de,None,None,None,0,None,1
https://www.npr.berkeley.edu,None,None,None,0,None,1
https://www.alt.celesta-schiedmayer.info,None,None,171,0,None,1
https://www.fluxer.github.io,None,None,None,0,None,1
https://www.vcepub.tecom.usmc.mil,None,None,None,0,None,1
https://www.ru.juridicas.unam.mx,None,None,403,0,None,1
https://www.geometrie.foretnik.net,None,None,164,0,None,1
https://www.catherineofsiena-spirituality.org,None,1,10,0,0,1
https://www.gcbo.org,4.562737642585551,0,277,0,None,1
https://www.dpu.tigerpepband.org,None,None,232,0,None,1
https://www.bahai.org.ph,2.73972602739726,0,None,0,None,1
https://www.codes.se,0.0,0,108,0,0,1
https://www.thebluesfoundation.co.uk,25.0,0,127,0,None,1
https://www.greaternorwichgrowth.org.uk,18.51851851851852,0,99,0,17,1
https://www.stmarysellyoak.org.uk,None,0,223,0,0,1
https://www.buddhist-tourism.com,None,None,205,0,None,1
https://www.enisyavuz.com,80.0,0,31,0,0,1
https://www.lagerholm.com,None,None,280,0,None,1
https://www.muthekacoffee.com,None,None,None,0,None,1
https://www.visitwokingham.com,None,None,16,0,None,1
https://www.waitingforatrain.com,None,None,152,0,None,1
https://www.nist.edu,None,None,None,0,None,1
https://www.yacast.fr,None,0,266,0,0,1
https://www.stillslibrary.rte.ie,None,None,272,0,None,1
https://www.dod.nic.in,None,None,None,0,None,1
https://www.ostatus.net,None,None,9,0,None,1
https://www.rousse.net,None,None,287,0,None,1
https://www.sakawa-kuroganenokai.org,None,None,None,0,None,1
https://www.twintierschristianacademy.org,97.67441860465115,1,223,0,0,1
https://www.wokinghamopenaircinema.co.uk,None,None,None,0,None,1
https://www.editions-alcide.com,None,None,182,0,None,1
https://www.italialiving.com,94.73684210526315,1,203,0,1,1
https://www.projectshaw.com,None,None,200,0,None,1
https://www.worldwiderunning.com,6.521739130434782,0,228,0,None,1
https://www.blog.artic.edu,None,None,None,0,None,1
https://www.booleweb.ucc.ie,None,None,277,0,None,1
https://www.radcanada.org,None,None,268,0,None,1
https://www.bc.uns.edu.ar,None,None,None,0,None,1
https://www.adcmagazine.com,None,None,135,0,None,1
https://www.rocksmith.com,64.54545454545455,1,309,0,0,1
https://www.wornjournal.com,77.41935483870968,1,209,0,0,1
https://www.books1.scholarsportal.info,None,None,246,0,None,1
https://www.folkinfo.org,None,0,244,0,0,1
https://www.tworeporters.org,37.5,0,20,0,0,1
https://www.guerrilladiplomacy.com,7.795698924731183,0,178,0,274,1
https://www.johnelefante.com,None,None,278,0,0,1
https://www.maxyawards.com,12.5,0,85,0,None,1
https://www.myledpassion.com,None,1,132,0,0,1
https://www.splendoramsterdam.com,28.30188679245283,0,151,1,None,1
https://www.ultimate70s.com,0.0,0,103,1,0,1
https://www.clau.org,20.0,0,273,0,9,1
https://www.eglise-orthodoxe-de-france.fr,100.0,1,130,0,0,1
https://www.geosur.info,None,None,179,0,None,1
https://www.tlalnepantla.gob.mx,39.436619718309856,0,281,1,18,1
https://www.pathfoundation.org,19.230769230769234,0,284,0,0,1
https://www.deevybee.blogspot.co.uk,None,None,None,0,None,1
https://www.www-staff.it.uts.edu.au,None,None,None,0,None,1
https://www.chrisgollon.com,9.523809523809524,0,273,0,17,1
https://www.politicalmediareview.org,None,None,18,0,None,1
https://www.assets.umusic.co.uk,None,None,275,0,None,1
https://www.kurtbusch.com,5.69620253164557,1,276,0,None,1
https://www.medieval-faire.com,None,0,218,0,0,1
https://www.en.rammsteinworld.com,None,None,222,0,None,1
https://www.thehostmovienews.com,None,0,147,0,0,1
https://www.newyork-un.mae.lu,None,None,None,0,None,1
https://www.kickinthetires.net,None,0,158,0,0,1
https://www.caritas.org.nz,8.13953488372093,0,None,0,10,1
https://www.bubblecarmuseum.co.uk,0.0,0,228,0,13,1
https://www.prof.usb.ve,None,None,None,0,None,1
https://www.cerealoffers.com,None,None,106,0,None,1
https://www.darciewilderomance.com,None,0,105,0,0,1
https://www.e-shabda.com,32.075471698113205,0,107,0,None,1
https://www.infidelguy.com,37.5,0,271,0,0,1
https://www.wayofwyrd.com,None,None,227,0,None,1
https://www.leonardo-award.eu,None,None,None,0,None,1
https://www.pachyderms.org,None,None,315,0,None,1
https://www.kingdomtales.com,82.6923076923077,1,183,0,0,1
https://www.firefoo.app,17.647058823529413,0,20,1,0,1
https://www.txt.estado.com.br,None,None,186,0,None,1
https://www.americasmusiccharts.com,None,None,190,0,None,1
https://www.cimamag.com,87.87878787878788,1,11,0,None,1
https://www.espacioseuropeos.com,95.50561797752809,1,213,1,0,1
https://www.nickcooney.com,96.15384615384616,1,91,0,0,1
https://www.publicaffairsworld.com,None,0,168,0,0,1
https://www.readmoby.com,None,None,196,0,None,1
https://www.todoarquitectura.com,None,None,269,0,None,1
https://www.treklit.com,18.720748829953198,0,115,0,None,1
https://www.buhomag.elmundo.es,None,None,None,0,None,1
https://www.hitachi-power-semiconductor-device.co.jp,3.571428571428571,0,None,0,None,1
https://www.12booksgroup.com,None,None,None,0,None,1
https://www.akitanetwork.com,None,1,16,0,None,1
https://www.ericlharry.com,55.88235294117647,0,67,0,10,1
https://www.esterhernandez.com,19.35483870967742,1,271,0,0,1
https://www.gentlemenbastards.com,None,None,166,0,None,1
https://www.inlikeflynn.com,None,None,1,0,None,1
https://www.medallionpress.com,2.690582959641256,0,232,0,215,1
https://www.microvga.com,None,None,173,0,None,1
https://www.miribenari.com,24.761904761904763,0,236,0,2,1
https://www.sitd.de,25.0,0,None,0,14,1
https://www.sarifweb.azurewebsites.net,None,None,None,0,None,1
https://www.pestalozzi.net,None,None,286,0,None,1
https://www.vcoy67.org.nz,None,1,None,0,0,1
https://www.9thinfdivsociety.org,100.0,0,228,0,0,1
https://www.publications.bham.ac.uk,None,None,315,0,None,1
https://www.barryrudolph.com,7.894736842105263,0,278,1,None,1
https://www.panela.blog-city.com,None,None,241,0,None,1
https://www.topics.cinematopics.com,None,None,259,0,None,1
https://www.edgar-allan-poe-musical.com,None,None,168,0,None,1
https://www.goldrushrally.com,86.13138686131386,1,165,0,None,1
https://www.johannaedwards.com,None,None,20,0,None,1
https://www.tomgirlmovie.com,10.526315789473683,0,88,0,None,1
https://www.watershuttle.co.jp,2.7027027027027026,0,None,0,None,1
https://www.dogtanian.net,10.0,0,209,0,0,1
https://www.therealfynn.co.uk,None,0,109,0,0,1
https://www.deadlys.vibe.com.au,None,None,None,0,None,1
https://www.neondirect.co,83.13953488372093,1,28,0,0,1
https://www.all-antique-books.com,None,None,10,0,None,1
https://www.apetsblog.com,None,None,217,0,None,1
https://www.arueda.com,None,None,186,0,None,1
https://www.cafeandblog.com,None,None,None,0,None,1
https://www.eddiejobson.com,None,None,288,0,None,1
https://www.enmemoria.com,None,None,None,0,None,1
https://www.indecohotels.com,None,1,176,0,None,1
https://www.juriguide.com,5.921052631578947,0,271,0,141,1
https://www.monge.univ-mlv.fr,None,None,334,0,None,1
https://www.app3.rthk.org.hk,None,None,319,0,None,1
https://www.poslovniforum.hr,None,None,241,0,None,1
https://www.bronzebow.info,0.0,0,None,0,None,1
https://www.arwinglanding.net,None,None,216,0,None,1
https://www.thebookofwealth.org,25.0,0,97,0,5,1
https://www.tgtourism.tv,14.83050847457627,0,159,0,None,1
https://www.vue.gov.ua,45.370370370370374,1,None,1,0,1
https://www.halfmoon.mus.ny.us,13.953488372093023,0,236,0,0,1
https://www.avertlabs.com,None,None,285,0,None,1
https://www.coinhouse.com,11.851851851851853,0,262,0,None,1
https://www.lapietainternational.com,None,None,150,0,None,1
https://www.poetrylifeandtimes.com,88.57142857142857,1,29,0,None,1
https://www.princeregent.com,None,None,269,0,None,1
https://www.highschoolsports.syracuse.com,None,None,333,0,None,1
https://www.actionswitchboard.net,None,0,119,0,0,1
https://www.cruisingclub.org,16.666666666666664,1,305,0,0,1
https://www.tokusetsukansen.jpn.org,None,None,309,0,None,1
https://www.mlf.org,100.0,None,246,0,0,1
https://www.nickcooney.org,None,None,42,0,None,1
https://www.chinatown.mala.bc.ca,None,None,265,0,None,1
https://www.completesite.com,10.588235294117647,1,258,0,None,1
https://www.reprohack.github.io,None,None,None,0,None,1
https://www.accesstoenergy.mx,None,None,92,0,0,1
https://www.gbhap.com,None,None,321,0,None,1
https://www.infobridgeport.com,None,1,218,0,0,1
https://www.kinesiology.com,13.924050632911392,0,303,1,None,1
https://www.uv10.com,None,None,212,0,None,1
https://www.affinityproject.org,None,None,224,0,None,1
https://www.internationalbuddhistacademy.org,None,None,120,0,None,1
https://www.mscbc.org,37.9746835443038,0,158,0,None,1
https://www.pe2019.pkw.gov.pl,None,None,112,0,None,1
https://www.apple-collection.com,None,None,4,0,None,1
https://www.kirklandnow.com,None,None,7,0,None,1
https://www.tamilo.com,None,None,192,0,None,1
https://www.library.ufl.edu,None,0,None,0,0,1
https://www.kino-ap.eng.hokudai.ac.jp,None,None,None,0,None,1
https://www.journal.skeptics.jp,None,None,None,0,None,1
https://www.revistamasseguridad.com.mx,None,0,163,0,0,1
https://www.golf67.net,5.829596412556054,0,282,0,None,1
https://www.tz.net,96.49122807017544,1,309,0,0,1
https://www.elmoncasteller.cat,16.06425702811245,0,82,0,None,1
https://www.maxonmotor.ch,0.0,1,318,0,0,1
https://www.hf.usx.edu.cn,None,None,None,0,None,1
https://www.daxitales.com,100.0,1,136,0,0,1
https://www.notice.flyasiana.com,None,None,299,0,None,1
https://www.gomentor.com,29.11392405063291,0,157,0,22,1
https://www.outsiderartnow.com,2.8828828828828827,0,102,0,539,1
https://www.literature.proquest.com,None,None,319,0,None,1
https://www.registroficial.gob.ec,None,None,None,0,None,1
https://www.convention.fr,2.127659574468085,0,175,1,3,1
https://www.mmistakes.github.io,None,None,None,0,None,1
https://www.spp.seoul.go.kr,None,None,271,0,None,1
https://www.sa-ra.net,0.0,1,21,0,0,1
https://www.bplusdotnet.sourceforge.net,None,None,278,0,None,1
https://www.odba.org,None,None,172,0,None,1
https://www.fellowshipchicago.com,None,None,176,0,None,1
https://www.tourismroatan.com,2.4691358024691357,0,150,0,0,1
https://www.ape-o-naut.org,None,None,303,0,None,1
https://www.zapkivach.ru,2.005730659025788,0,145,0,0,1
https://www.mendiptimes.co.uk,None,0,210,0,0,1
https://www.midlandexpress.com.au,83.78378378378379,1,None,1,0,1
https://www.johnlivereatingjohnston.com,None,None,182,0,None,1
https://www.thirstyearfestival.com,None,None,275,0,None,1
https://www.tombnews.com,20.0,0,268,0,4,1
https://www.seastead.org,None,1,147,0,0,1
https://www.judaica.library.usyd.edu.au,None,None,None,0,None,1
https://www.musicarcades.com,0.0,0,202,0,None,1
https://www.londonmylondon.co.uk,None,None,130,0,None,1
https://www.latin_german.deacademic.com,None,None,133,0,None,1
https://www.edmontonculturalcapital.com,None,None,187,0,None,1
https://www.lightbank.com,16.666666666666664,0,246,0,0,1
https://www.operamylove.com,88.95833333333333,1,90,0,None,1
https://www.cne.gov.do,None,None,237,0,None,1
https://www.chemistry.uiuc.edu,None,None,None,0,None,1
https://www.awebvision.fr,14.285714285714285,0,146,0,None,1
https://www.republicans-appropriations.house.gov,None,None,None,0,None,1
https://www.iec.is,0.0,0,277,0,0,1
https://www.orncc.net,1.639344262295082,1,250,0,None,1
https://www.atsremembered.org.uk,None,None,163,0,None,1
https://www.brightonhistory.org.uk,5.9405940594059405,0,122,0,0,1
https://www.sciencecityyork.org.uk,55.55555555555556,0,81,0,1,1
https://www.akt.gov.al,93.53233830845771,1,None,0,None,1
https://www.www2.aao.gov.au,None,None,None,0,None,1
https://www.despiertachile.cl,None,0,199,0,0,1
https://www.addysmercedes.com,None,None,198,0,None,1
https://www.economiademadrid.com,None,None,222,0,None,1
https://www.ofrmetals.com,None,None,133,0,None,1
https://www.rebellion-rugby.com,None,None,7,0,None,1
https://www.robertfoxlimited.com,19.230769230769234,0,None,0,0,1
https://www.shiacode.com,None,None,None,0,None,1
https://www.technicalauthoring.com,None,0,248,0,0,1
https://www.wells-cathedral-school.com,None,None,269,0,None,1
https://www.uckac.edu,None,None,None,0,None,1
https://www.astro.bonavoglia.eu,None,None,None,0,None,1
https://www.glossagrika.it,None,None,133,0,None,1
https://www.dickens.classicauthors.net,None,None,247,0,None,1
https://www.taal.web-log.nl,None,None,234,0,None,1
https://www.chodungkarmo.org,87.17948717948718,1,118,0,None,1
https://www.grantmedicalcollege-jjhospital.org,10.0,0,112,0,24,1
https://www.providencegrays.org,None,None,257,0,None,1
https://www.renditions.org,100.0,1,272,0,0,1
https://www.worldshiptrust.org,100.0,0,24,0,0,1
https://www.siskoid.com,None,None,246,0,None,1
https://www.comic.skullkickers.com,None,None,149,0,None,1
https://www.voccine.com,None,None,None,0,None,1
https://www.monitor.nos.noaa.gov,None,None,None,0,None,1
https://www.selllikecrazybook.com,26.923076923076923,1,36,1,0,1
https://www.borgosancristoforo.it,18.421052631578945,0,91,0,16,1
https://www.zp.suspilne.media,None,None,63,0,None,1
https://www.hpp.recursiva.org,None,None,221,0,None,1
https://www.wwwdata.fy.edu.tw,None,None,None,0,None,1
https://www.aaltufaaltu.com,9.63855421686747,None,45,0,None,1
https://www.tommyleung.com,None,1,203,0,4,1
https://www.hoiss.info,None,None,223,0,None,1
https://www.rental-station.jp,100.0,1,None,0,0,1
https://www.72h.at,18.181818181818183,0,None,0,17,1
https://www.tadalaflabc.com,None,None,3,0,None,1
https://www.tanglabrussels.com,9.375,1,105,0,0,1
https://www.tuscondones.com,96.61654135338345,None,161,0,None,1
https://www.albrecht-gaestehaus.de,0.0,0,None,0,0,1
https://www.exastro-suite.github.io,None,None,None,0,None,1
https://www.dazysahjaipur-45.webselfsite.net,None,None,39,0,None,1
https://www.sagb.org.uk,5.429864253393665,0,225,0,0,1
https://www.lartisangivre.com,96.22641509433963,1,59,0,None,1
https://www.nutritiontrue.com,None,0,49,1,45,1
https://www.sportsdepot.fr,None,None,200,0,None,1
https://www.solobasket.it,None,None,46,0,None,1
https://www.grandinstrument.ua,None,None,81,1,None,1
https://www.btobcatalog.com,100.0,1,220,0,0,1
https://www.knowledgedabba.com,10.0,0,66,0,72,1
https://www.theperiodtracker.com,80.0,1,37,0,0,1
https://www.jakbiz.com,None,None,62,0,None,1
https://www.pdfshelter.com,53.57142857142857,1,25,0,0,1
https://www.wichitavortexfest.com,None,None,69,0,None,1
https://www.ice.upm.es,9.75609756097561,0,None,0,None,1
https://www.brotherchristmas.fi,75.0,1,71,0,0,1
https://www.in.wuchna.com,None,None,52,0,None,1
https://www.mse.fcu.edu.tw,None,None,None,0,None,1
https://www.bellabbodycare.com,95.87628865979381,1,7,0,0,1
https://www.mamasteddybear.com,1.8867924528301887,0,78,0,None,1
https://www.sos.cnm.edu,None,None,None,0,None,1
https://www.tweedon.medium.com,None,None,293,0,None,1
https://www.snapseedforpcapk.com,100.0,1,4,0,0,1
https://www.voedingindezorg.nl,12.727272727272727,0,82,0,41,1
https://www.suafaculdade.com.br,None,0,250,0,None,1
https://www.labpuppies.company.com,None,None,339,0,None,1
https://www.doulanashvilletn.com,None,None,25,0,None,1
https://www.theeveningproject.com,None,1,48,0,0,1
https://www.store.federicatosi.it,None,None,82,0,None,1
https://www.stlouisinternship.org,None,None,264,0,None,1
https://www.fishincompany.com,96.42857142857143,1,237,0,None,1
https://www.flair-jet.com,None,None,169,0,None,1
https://www.iqvagro.com,93.44262295081968,1,209,0,None,1
https://www.gaestehaus-neidhart.de,None,None,None,0,None,1
https://www.thrusites.com,None,None,7,0,None,1
https://www.periodictable.one,4.697986577181208,0,48,0,None,1
https://www.jwc.cufe.edu.cn,None,None,None,0,None,1
https://www.politique.blomig.com,None,None,189,0,None,1
https://www.padmavatirasoie.com,None,None,None,0,None,1
https://www.tmsdigi.com,26.136363636363637,0,28,0,0,1
https://www.proped.pro.br,None,None,230,0,None,1
https://www.teslasoftwareupdates.co,100.0,1,24,0,0,1
https://www.bcarealtors.com,73.84615384615385,1,285,0,0,1
https://www.gbna-polycliniques.com,None,None,119,0,None,1
https://www.gtagiftbaskets.com,9.00900900900901,0,158,0,93,1
https://www.retoxmagazine.com,None,1,149,0,0,1
https://www.stardustmeadow.com,35.714285714285715,1,65,0,None,1
https://www.star888.gr,94.31818181818183,1,None,0,0,1
https://www.auto-diversen.marktplaats.nl,None,None,281,0,None,1
https://www.madisonartsbarn.org,18.96551724137931,0,226,0,None,1
https://www.acweekly.com,8.032128514056225,1,239,0,None,1
https://www.cassiepeech.com,100.0,1,91,0,0,1
https://www.davenportwrites.com,None,None,None,0,None,1
https://www.haus-jahreszeiten.de,16.216216216216218,1,None,0,10,1
https://www.landhaus-alban.de,24.444444444444443,0,None,0,19,1
https://www.fluentmusic.io,80.0,1,1,0,None,1
https://www.jakesgrill.business.site,None,None,None,0,None,1
https://www.chevalier-masson.be,0.0,0,None,0,1,1
https://www.bitleex.com,None,None,None,0,None,1
https://www.ubikgroup.co,50.0,1,None,0,None,1
https://www.kgccapital.com,None,0,135,0,0,1
https://www.tupperware.com.cn,None,0,268,0,0,1
https://www.gainscoracing.com,None,None,211,0,None,1
https://www.affiliates.jamplay.com,None,None,201,0,None,1
https://www.tudorarmsevents.com,32.608695652173914,0,75,0,None,1
https://www.slee.buffalo.edu,14.705882352941178,1,None,0,None,1
https://www.tuin-aanleg.nl,None,None,156,0,None,1
https://www.lansdowneoilandgas.com,None,0,204,0,0,1
https://www.mountaincabins.eu,None,None,None,0,None,1
https://www.toastpr.co.uk,77.14285714285715,1,215,0,0,1
https://www.live.motorcitypride.org,None,None,240,0,None,1
https://www.netkom.de,7.936507936507936,1,None,0,0,1
https://www.janiceathompson.com,98.05194805194806,1,258,0,0,1
https://www.jimsheat.com,67.12328767123287,1,177,0,None,1
https://www.schedulecovidtesting.com,None,0,26,0,0,1
https://www.thechildrenswearoutlet.com,None,None,248,0,None,1
https://www.sazoo.ticketapp.org,None,None,30,0,None,1
https://www.rhythm.harmony-central.com,None,None,28,0,None,1
https://www.anafernandes.name,None,None,None,0,None,1
https://www.asinstitute.org,94.44444444444444,1,230,0,None,1
https://www.mycuhub.force.com,None,None,377,0,None,1
https://www.labottega-delrestauro.com,None,None,232,0,None,1
https://www.mbmachines.com,16.129032258064516,1,286,0,1,1
https://www.medimatrix.com,None,None,None,0,None,1
https://www.riffcg.com,None,None,130,0,None,1
https://www.m4a.org,None,1,211,0,0,1
https://www.transferalberta.alberta.ca,None,None,223,0,None,1
https://www.primocv.com,28.947368421052634,1,193,0,1,1
https://www.stevenwb.com,None,None,None,0,None,1
https://www.ust-id-pruefen.de,8.823529411764707,0,None,0,17,1
https://www.biology4all.com,None,1,24,0,0,1
https://www.kryl.jikos.cz,None,None,293,0,None,1
https://www.canepadesign.it,None,None,167,0,None,1
https://www.eeckc.net,None,None,127,0,None,1
https://www.sedes.ba.gov.br,None,None,62,0,None,1
https://www.ambushfirearms.com,None,None,144,0,None,1
https://www.wiselyshave.com,None,1,62,0,0,1
https://www.maps.geoplatform.gov,None,None,None,0,None,1
https://www.fuelforthebody.org,None,None,4,0,None,1
https://www.wafflehouse.co.za,None,0,157,0,None,1
https://www.alpcour.com,66.0,0,55,0,0,1
https://www.soundconsultant.com,None,0,217,0,0,1
https://www.onepair.co.jp,30.23255813953488,0,None,0,0,1
https://www.buzzding.com,None,None,168,0,None,1
https://www.eskwarchitects.com,None,1,42,0,0,1
https://www.foils.fr,3.389830508474576,0,16,0,57,1
https://www.paddi.net,6.896551724137931,0,272,0,0,1
https://www.tsuyaku.ai,None,None,None,0,None,1
https://www.christopherdaileyfoundation.com,6.896551724137931,0,225,0,0,1
https://www.ifnyoil.com,31.57894736842105,0,159,0,11,1
https://www.nicolasteixeiracabral.com,92.33716475095785,1,47,0,None,1
https://www.kobarin.hatenablog.com,None,None,132,0,None,1
https://www.niigataburuzujyuniaresurinngu.hatenablog.com,None,None,132,0,None,1
https://www.luxejewelrychicago.com,17.17171717171717,1,40,0,0,1
https://www.omnica.com,None,0,308,0,0,1
https://www.pillollow.com,15.0,0,53,0,None,1
https://www.soboraja.ta2o.net,None,None,None,0,None,1
https://www.barbaramaylaw.com,None,None,174,0,None,1
https://www.formations.ulule.com,None,None,155,0,None,1
https://www.urbancycle.fr,15.384615384615385,0,251,0,None,1
https://www.leggingsfordays.co.uk,7.246376811594203,0,34,0,45,1
https://www.locksmithnottingham.me.uk,None,None,13,0,None,1
https://www.catholicmannight.com,3.389830508474576,0,141,0,48,1
https://www.vvs.fraunhofer.de,5.555555555555555,0,None,0,0,1
https://www.rees.solutions,None,None,65,0,None,1
https://www.pg3j58c1-a.gmodules.com,None,None,203,0,None,1
https://www.las.ucsd.edu,None,None,None,0,None,1
https://www.ripouxdelarepublique.blogspot.fr,None,None,None,0,None,1
https://www.y.ml,None,None,None,0,None,1
https://www.blog.k12insight.com,None,None,200,0,None,1
https://www.hailefoundation.squarespace.com,None,None,235,0,None,1
https://www.mepanti.hips-wordpress.helmholtz-hzi.de,None,None,None,0,None,1
https://www.pldaniels.org,None,None,4,0,None,1
https://www.cinderellapageant.com,89.65517241379311,1,296,0,None,1
https://www.goldpuma.com,None,0,170,0,0,1
https://www.harbourridgeinn.com,25.0,0,275,0,42,1
https://www.johnstonowen.com,None,None,125,0,None,1
https://www.grupoanp.es,23.75,0,None,0,None,1
https://www.telesp.com.br,None,None,174,0,None,1
https://www.auditorypotential.com,None,0,173,0,0,1
https://www.lexiefyfe.com,None,None,283,0,None,1
https://www.flc.hqu.edu.cn,None,None,None,0,None,1
https://www.jgxy.sdau.edu.cn,None,None,None,0,None,1
https://www.stationplay.epizy.com,None,None,110,0,None,1
https://www.unionchapel.com,22.22222222222222,0,284,0,2,1
https://www.ringbigs.business.site,None,None,None,0,None,1
https://www.ginbothy.co.uk,2.1739130434782608,0,96,0,1,1
https://www.keitai-sumaho.hatenablog.com,None,None,132,0,None,1
https://www.yanzen.id,None,None,None,0,None,1
https://www.wingd.ca,None,None,96,0,None,1
https://www.www1.njcountyrecording.com,None,None,228,0,None,1
https://www.thinkingoutloud.com,None,None,233,0,None,1
https://www.userconference2018.schedule.esri.com,None,None,390,0,None,1
https://www.schoeberl-fuessen.de,3.1746031746031744,0,None,0,None,1
https://www.encg-agadir.ac.ma,17.16417910447761,0,None,0,18,1
https://www.xcore.ai,None,None,None,0,None,1
https://www.americanairports.com,None,None,220,0,None,1
https://www.www7.bpe.es.osaka-u.ac.jp,None,None,None,0,None,1
https://www.glasnost.org.uk,None,None,10,0,None,1
https://www.matuswinery.us,89.83050847457628,1,1,0,None,1
https://www.cajiny.com,84.75836431226766,1,16,0,None,1
https://www.theminims.com,None,None,117,0,None,1
https://www.sanleonardo.fvg.it,None,None,None,0,None,1
https://www.tetracyclineterramycin.quest,60.0,0,8,0,0,1
https://www.ultimatecollectorstickers.co.uk,22.727272727272727,0,78,0,13,1
https://www.gdcx.gov.cn,None,None,189,0,None,1
https://www.brazilgems.com,71.42857142857143,1,120,0,0,1
https://www.restaurantsescriba.com,69.11764705882352,1,44,0,0,1
https://www.figeacteurs.fr,3.8461538461538463,0,88,0,None,1
https://www.bulletproofwriters.com,None,1,0,0,0,1
https://www.parkgrandlondon.com,26.31578947368421,0,159,0,None,1
https://www.scet.fr,None,0,297,0,0,1
https://www.cfgd.cochrane.org,None,None,309,0,None,1
https://www.fjellsnowboards.com,13.953488372093023,0,84,0,None,1
https://www.rocknroll-circus.de,23.376623376623375,0,None,0,2,1
https://www.hillegondakerk.nl,12.82051282051282,0,271,0,None,1
https://www.actions.so,77.77777777777779,0,9,0,0,1
https://www.4dcityscape.com,30.952380952380953,0,167,0,0,1
https://www.scoremonsterclients.s3.amazonaws.com,None,None,206,0,None,1
https://www.juicersgalorestore.com,None,None,None,0,None,1
https://www.krashkarma.com,None,1,168,0,0,1
https://www.merchpursuits.com,97.52066115702479,1,73,0,0,1
https://www.bedfordchamber.org,72.44897959183673,1,296,0,None,1
https://www.wengyuan.gov.cn,12.162162162162163,0,275,0,None,1
https://www.vsrecommendedgames.fandom.com,None,None,312,0,None,1
https://www.holasice.cz,10.625,0,None,0,None,1
https://www.ellyundstoffl.de,4.225352112676056,0,None,0,None,1
https://www.whatsfordinner.net,93.54838709677419,1,291,0,None,1
https://www.beslegal.co.uk,86.53846153846155,1,51,0,None,1
https://www.pocketgps.co.uk,None,None,243,0,None,1
https://www.jasmeet989.educatorpages.com,None,None,189,0,None,1
https://www.lgbtqia-characters.fandom.com,None,None,312,0,None,1
https://www.originalphotopaper.com,None,1,70,0,0,1
https://www.blog.rpdata.com,None,None,305,0,None,1
https://www.d2u02nnz0ljdfs.cloudfront.net,None,None,None,0,None,1
https://www.rothbuildersverobeach.net,None,None,117,0,None,1
https://www.steponward.org,80.0,1,97,0,0,1
https://www.eforms.secure.haringey.gov.uk,None,None,315,0,None,1
https://www.melissavsfibromyalgia.teachable.com,None,None,234,0,None,1
https://www.victoryww2.com,None,None,90,0,None,1
https://www.hackathon.2gis.ru,None,None,260,0,None,1
https://www.conservativeradio.com,15.384615384615385,0,264,0,2,1
https://www.dipompello.com,30.0,0,176,0,0,1
https://www.hd-porns.com,0.0,1,25,0,0,1
https://www.hunjiya.com,9.090909090909092,1,63,0,0,1
https://www.codeaperture.io,2.197802197802198,0,78,0,None,1
https://www.dpd.lv,88.27586206896552,1,None,0,0,1
https://www.thecentralline.org,None,None,163,0,None,1
https://www.mouchao.pt,None,None,126,0,None,1
https://www.lovech-museum.bg,96.8,1,None,0,None,1
https://www.hakusan-dental.com,19.78021978021978,0,108,0,14,1
https://www.temple-israel.com,2.1505376344086025,0,308,0,85,1
https://www.huaral.ahora.googlepages.com,None,None,267,0,None,1
https://www.ladypjustice.com,None,0,5,0,0,1
https://www.kobeppp.jp,67.24137931034483,1,None,0,0,1
https://www.rossifumi.nl,None,None,262,0,None,1
https://www.pathwayproject.ca,83.33333333333334,1,58,0,0,1
https://www.croweusa.com,None,None,155,0,None,1
https://www.ishotstudios.com,None,0,134,0,0,1
https://www.green-frisbee.itch.io,None,None,132,0,None,1
https://www.ghrdiaperbank.org,None,None,116,0,None,1
https://www.serenliving.co.uk,None,None,3,0,None,1
https://www.cmplus.com.au,22.033898305084744,0,None,0,None,1
https://www.crestron.com.au,None,None,None,0,None,1
https://www.montaguecontemporary.com,23.52941176470588,0,38,0,0,1
https://www.naniustudio.com,1.7241379310344827,0,41,0,None,1
https://www.theresamcdonaldphotographer.com,11.25,1,51,0,0,1
https://www.wewood.com,None,None,307,0,0,1
https://www.timtalks.mit.edu,None,None,None,0,None,1
https://www.spoutrecht.nl,29.09090909090909,0,229,0,37,1
https://www.dx.doi.org.ezproxy.is.ed.ac.uk,None,None,315,0,None,1
https://www.bohofan.com,3.4482758620689653,1,31,0,0,1
https://www.gussmanczakoestates.com,0.0,1,230,0,26,1
https://www.jessicadaileyphotography.com,5.555555555555555,0,76,0,None,1
https://www.lianevbeauty.com,12.878787878787879,1,20,0,0,1
https://www.akazanzi.it,None,None,142,0,None,1
https://www.fedeb.net,92.74193548387096,1,223,0,0,1
https://www.diversityintechawards.online,None,1,None,0,0,1
https://www.setonhill.org,98.14814814814815,0,223,0,0,1
https://www.24hourswebdesign.com,None,None,None,0,None,1
https://www.neilsonhayslibrary.com,None,None,271,0,None,1
https://www.yellowsn0w.net,None,None,17,0,None,1
https://www.eportfolio.mcu.edu.tw,None,None,None,0,None,1
https://www.gsd.k12.ms.us,None,None,None,0,None,1
https://www.kidsplaygarden.com,65.21739130434783,1,118,0,0,1
https://www.mariashockey.com,75.0,1,59,0,0,1
https://www.terapiasyidam.com,100.0,0,None,0,0,1
https://www.hagityaso.co.il,None,None,None,0,None,1
https://www.butteville.org,0.0,0,76,0,0,1
https://www.nhcommunityrights.org,7.017543859649122,0,114,0,None,1
https://www.levo.ch,11.904761904761903,0,310,0,None,1
https://www.escondido.12milesout.com,None,None,253,0,None,1
https://www.osaphilly.com,None,None,150,0,None,1
https://www.springvalleyinn.com,None,0,303,0,0,1
https://www.twiclur.com,96.22641509433963,1,28,0,None,1
https://www.abrilguiadoestudante.files.wordpress.com,None,None,271,0,None,1
https://www.adep.provincia.tn.it,None,None,317,0,None,1
https://www.marklilly.net,None,None,None,0,None,1
https://www.webview.tech,None,None,53,0,None,1
https://www.ctebooks.com,None,None,132,0,None,1
https://www.newsroanoke.com,95.38461538461539,1,180,0,0,1
https://www.theloveguns.com,None,None,None,0,None,1
https://www.jackmanme.net,8.235294117647058,1,91,0,None,1
https://www.onenationca.org,None,None,11,0,None,1
https://www.auteco.com.co,None,0,294,1,0,1
https://www.coffylaw.com,6.8181818181818175,0,111,0,None,1
https://www.0573news.it,None,None,None,0,None,1
https://www.tenderlovingcats.org,10.714285714285714,0,69,0,None,1
https://www.dyswhhlyj.dongying.gov.cn,None,None,290,0,None,1
https://www.assertid.com,None,1,45,0,None,1
https://www.awakendemons.com,None,None,None,0,None,1
https://www.flora-eggenstein.de,8.641975308641975,0,None,0,None,1
https://www.cotransportage.fr,0.7633587786259541,0,130,0,0,1
https://www.jsiao.umin.jp,None,None,None,0,None,1
https://www.seacongroup.co.uk,3.7037037037037033,0,234,0,None,1
https://www.blindsontime.com,1.8181818181818181,1,163,0,52,1
https://www.canadianurban.com,None,0,295,0,0,1
https://www.snowmobilemammoth.com,30.555555555555557,1,300,0,None,1
https://www.coiso.net,3.608247422680412,0,None,0,182,1
https://www.walktoschool.vic.gov.au,22.123893805309734,1,None,0,0,1
https://www.anchoredtosunshine.com,None,None,2,0,None,1
https://www.farcrydesign.com,0.0,1,199,0,0,1
https://www.cbiz.gcs-web.com,None,None,75,0,None,1
https://www.theopalapp.medium.com,None,None,293,0,None,1
https://www.vikingat.com,None,None,149,0,None,1
https://www.sa.hwh.edu.tw,None,None,None,0,None,1
https://www.paasmaker.org,None,None,None,0,None,1
https://www.westbloomfieldparks.org,None,None,232,0,None,1
https://www.tzargrad.ru,2.7303754266211606,0,203,0,9,1
https://www.77gacorslot.web.fc2.com,None,None,281,0,None,1
https://www.happyandrada.com,None,None,187,0,None,1
https://www.yoursurvey.xyz,None,None,None,0,None,1
https://www.extranet.education.unimelb.edu.au,None,None,None,0,None,1
https://www.brokertribunal.com,65.08875739644971,1,50,0,None,1
https://www.qzct.net,None,None,240,0,None,1
https://www.crudeoiljackpotcall.com,19.867549668874172,0,89,0,86,1
https://www.lucasspecialservices.com,24.0,1,116,0,0,1
https://www.sarasmusicstudio.com,None,1,145,1,0,1
https://www.fes-baltic.ee,None,None,147,0,None,1
https://www.butunoyunlar.net,0.0,0,89,0,175,1
https://www.catalaninstituteofamerica.org,25.0,0,216,0,0,1
https://www.arboroutdoors.com,100.0,1,50,0,0,1
https://www.ronnieswietek.com,None,None,180,0,None,1
https://www.sstusa.com,4.545454545454546,0,295,0,None,1
https://www.tidewatermarina.com,5.454545454545454,0,281,0,None,1
https://www.zhsye.com,None,None,250,0,None,1
https://www.minimotors.sg,None,1,None,1,2,1
https://www.floatsolutions.com,None,None,173,0,None,1
https://www.cytoteccheap.us.com,None,None,None,0,None,1
https://www.dw2expedition.wixsite.com,None,None,None,0,None,1
https://www.osdopravy.cz,89.7196261682243,1,230,0,None,1
https://www.beton.com.mk,13.636363636363635,0,None,0,38,1
https://www.link.everygame.eu,None,None,None,0,None,1
https://www.kunskapsskolan.nl,90.2439024390244,1,107,0,None,1
https://www.basisdc.org,None,None,141,0,None,1
https://www.kdm.bz,None,None,None,0,None,1
https://www.casinos-online-deutschland.com,74.01574803149606,1,27,0,0,1
https://www.gcc.bt,None,None,None,0,None,1
https://www.offers.helloendless.com,None,None,127,0,None,1
https://www.laguashira.com,13.414634146341465,1,32,0,0,1
https://www.chalice.stellaartois.com,None,None,273,0,None,1
https://www.tripletsrus.com,None,None,11,0,None,1
https://www.crazyforthecountry.com,None,0,1,0,0,1
https://www.michaelcaswell.com,0.0,0,214,0,2,1
https://www.02ca560.netsolstores.com,None,None,203,0,None,1
https://www.docs.restropress.com,None,None,46,0,None,1
https://www.schlafcoaching.com,17.77777777777778,0,220,0,27,1
https://www.data.vk.company,None,None,15,0,None,1
https://www.stern-apotheke-rodgau.de,6.024096385542169,0,None,0,None,1
https://www.bezou.com,14.864864864864865,0,242,0,None,1
https://www.familyworksinc.com,5.263157894736842,0,304,0,None,1
https://www.cdn.kyruus.com,None,None,147,0,None,1
https://www.club2.de,None,None,None,0,None,1
https://www.olalakids.pl,4.135338345864661,1,68,0,None,1
https://www.octaviahousing.org.uk,3.125,0,262,0,4,1
https://www.data.triviasp.com.ar,None,None,76,0,None,1
https://www.maisonlevy.fr,None,None,87,0,None,1
https://www.peterborough.sa.gov.au,None,0,None,0,166,1
https://www.pittsburghlimoservice.com,16.470588235294116,None,204,0,None,1
https://www.video.fdel1-1.fna.fbcdn.net,None,None,185,0,None,1
https://www.edlaw.org.uk,None,None,243,0,None,1
https://www.swsadmin.shanwei.gov.cn,None,None,280,0,None,1
https://www.a1ash.com,None,None,175,0,None,1
https://www.jasonlester.me,None,None,0,0,None,1
https://www.iptv.nht.ru,None,None,287,0,None,1
https://www.herchristianbusiness.com,None,None,None,0,None,1
https://www.jsmithfloral.com,51.162790697674424,0,126,0,17,1
https://www.tabletownonline.com,None,None,176,0,None,1
https://www.june22611.net,None,0,135,0,0,1
https://www.beasbokhylla.se,None,None,58,0,None,1
https://www.law.hqu.edu.cn,None,None,None,0,None,1
https://www.rankmehigher.co,58.51063829787234,1,26,0,None,1
https://www.festivalfuerfestivals.de,None,None,None,0,None,1
https://www.hmark.no,None,1,130,0,0,1
https://www.epbb.org,None,0,140,0,0,1
https://www.wiki.virt2real.ru,None,None,138,0,None,1
https://www.crefito.com.br,None,None,207,0,None,1
https://www.datisdata.com,None,None,53,0,None,1
https://www.e-desinews.com,19.565217391304348,0,265,0,23,1
https://www.honeycombandco.com,30.76923076923077,0,50,0,None,1
https://www.dpsnutrition.net,33.33333333333333,0,245,0,3,1
https://www.taqadoumiya.net,None,1,16,0,0,1
https://www.jazzwales.com,0.0,0,82,0,0,1
https://www.newburyshowground.co.uk,95.34883720930233,1,252,0,1,1
https://www.friendsofkenginlack.com,None,None,None,0,None,1
https://www.goldentriangleindiatravel.com,None,None,None,0,None,1
https://www.jamesorear.com,None,None,218,0,None,1
https://www.torokichi.com,6.862745098039216,0,29,0,None,1
https://www.desszert.eu,37.5,0,None,0,4,1
https://www.sankara.net,None,0,230,0,0,1
https://www.franklincommunityadvocates.org,34.285714285714285,0,23,0,20,1
https://www.hostmy.blog,100.0,0,None,0,0,1
https://www.johnstownamerica.com,4.477611940298507,0,3,0,64,1
https://www.massenergyexpert.com,88.09523809523809,1,42,0,None,1
https://www.studio25n.com,None,None,224,0,None,1
https://www.e-energy.uni-passau.de,100.0,0,None,0,0,1
https://www.southendnewsnetwork.net,96.25,1,56,0,0,1
https://www.dallas.broadway.com,None,None,340,0,None,1
https://www.xbox360.cngba.com,None,None,237,0,None,1
https://www.nekonekosanpo.hatenablog.com,None,None,132,0,None,1
https://www.ingridrosario.com,25.0,0,252,0,7,1
https://www.usabilitygal.com,77.41935483870968,1,164,0,None,1
https://www.dolnastreda.sk,4.972375690607735,0,200,0,None,1
https://www.myarloo.com,None,None,13,0,None,1
https://www.peach.smartart.it,None,None,220,0,None,1
https://www.news.currentbyge.com,None,None,12,0,None,1
https://www.granburyhomecenter.com,None,None,None,0,None,1
https://www.sunnyvalefinehomes.com,None,None,14,0,None,1
https://www.ttarp.com,100.0,0,258,0,0,1
https://www.rampina.it,76.92307692307693,1,287,0,0,1
https://www.summertide.org,60.0,1,224,0,0,1
https://www.brainpayroll.co.uk,14.583333333333334,0,67,0,None,1
https://www.biology.nwu.edu.cn,None,None,None,0,None,1
https://www.vcit.cn,None,None,228,1,None,1
https://www.bunbougu.hatenablog.com,None,None,132,0,None,1
https://www.serene-wellness.com,2.0408163265306123,0,147,0,0,1
https://www.stephanierausser.com,32.142857142857146,0,268,0,0,1
https://www.thehotelstebbins.com,17.142857142857142,0,205,0,22,1
https://www.davegraham.net,None,0,211,0,0,1
https://www.hataygencradyo.net,0.8695652173913043,1,44,0,223,1
https://www.divinefloral.com,15.32258064516129,0,220,0,None,1
https://www.meet.drycat.fr,None,None,66,0,None,1
https://www.gearbest.sjv.io,None,None,75,0,None,1
https://www.shelterhousenwfl.org,None,None,240,0,None,1
https://www.strangersonaplane.co.uk,53.84615384615385,0,5,0,1,1
https://www.new.iscos.org.uk,None,None,253,0,None,1
https://www.ripitup.biz,None,1,80,0,0,1
https://www.gokturkdergisi.com,0.8298755186721992,0,59,1,468,1
https://www.visio.paquerette.eu,None,None,None,0,None,1
https://www.silent-space.fr,49.382716049382715,1,86,0,0,1
https://www.cfa.hqu.edu.cn,None,None,None,0,None,1
https://www.rangtang.gov.cn,13.559322033898304,0,156,0,None,1
https://www.burn-blog.com,3.888888888888889,0,136,0,168,1
https://www.product-industries-research.hktdc.com,None,None,271,0,None,1
https://www.thebusinesscouncilmke.com,None,None,17,0,0,1
https://www.inp.bsu.by,None,None,241,0,None,1
https://www.solicitorsfirm.com,0.0,0,204,0,None,1
https://www.visa-egypt.com,None,0,88,1,0,1
https://www.dr.abdulqadeer.8m.net,None,None,287,0,None,1
https://www.fundacionasamfamilia.org,None,1,132,0,None,1
https://www.rivermuse.org,None,None,177,0,None,1
https://www.furryteaparty.com,97.5,1,47,0,0,1
https://www.managementsolutionsllc.com,83.33333333333334,1,194,0,0,1
https://www.thermes-neris.com,None,0,290,0,0,1
https://www.web3.colum.edu,None,None,None,0,None,1
https://www.paris-saclay-spring.com,94.11764705882352,1,55,0,0,1
https://www.shop.island-ecs.jp,None,None,None,0,None,1
https://www.salidarnasc.org,None,None,190,0,None,1
https://www.joo.com.tw,56.98924731182796,1,89,0,17,1
https://www.banupekol.com,None,None,None,0,None,1
https://www.jerusalemdigest.com,None,1,84,0,None,1
https://www.novumuw.com,8.571428571428571,0,45,0,64,1
https://www.modernguy.net,None,None,None,0,None,1
https://www.charleschrisfennell.com,81.81818181818183,0,71,0,0,1
https://www.drashley.com,None,None,273,0,0,1
https://www.nzsnaps.com,50.0,0,201,0,1,1
https://www.bangalorepackermover.com,88.88888888888889,None,124,0,None,1
https://www.molliehuntcatwriter.com,86.16504854368931,1,16,0,None,1
https://www.sentback.org,None,1,16,0,None,1
https://www.ysbla.org.tw,None,None,None,0,None,1
https://www.unefm.edu.ve,None,None,None,0,None,1
https://www.uk.leemathews.com.au,None,None,None,0,None,1
https://www.clarioncallmedia.com,4.504504504504505,0,84,0,None,1
https://www.leob.nl,0.0,0,153,0,0,1
https://www.hbteam.org,96.0,1,282,0,0,1
https://www.germainverbrackel.com,None,None,None,0,None,1
https://www.pm.martysbham.com,92.0,1,68,0,0,1
https://www.modwrap.com,5.405405405405405,1,161,0,0,1
https://www.mundoinformal.com,None,None,2,0,None,1
https://www.betway.pt,100.0,1,175,0,0,1
https://www.coisasgeek.com.br,None,None,None,0,None,1
https://www.liquidwireless.com,None,None,170,0,None,1
https://www.markbarthur.com,14.117647058823529,0,194,0,3,1
https://www.kebes.es,9.523809523809524,0,None,0,25,1
https://www.aurorachristian.org,11.965811965811966,0,295,0,77,1
https://www.imisammo.com,None,None,None,0,None,1
https://www.rest4firstresponders.com,None,1,6,0,0,1
https://www.fachkommission-integrationsfaehigkeit.de,5.813953488372093,1,None,0,59,1
https://www.piedra-artificial.es,7.142857142857142,0,None,0,None,1
https://www.jcdr.org,None,None,235,0,None,1
https://www.visworld.org,None,None,262,0,None,1
https://www.nurego.com,None,None,113,0,None,1
https://www.alte-rebschule.de,17.525773195876287,0,None,0,294,1
https://www.essor-retraite.fr,5.084745762711865,0,151,0,50,1
https://www.healthhope.info,0.0,1,11,0,0,1
https://www.xsden.info,9.398496240601503,1,30,1,None,1
https://www.norcalaidscycle.org,40.76923076923077,1,145,0,None,1
https://www.retrokimono.blog8.fc2.com,None,None,281,0,None,1
https://www.wi-fi.jiwire.com,None,None,236,0,None,1
https://www.vldpersonals.com,None,None,201,0,None,1
https://www.tourdecorgi.org,100.0,1,85,0,0,1
https://www.hms-vengeance.co.uk,1.2048192771084338,0,211,0,1,1
https://www.guoji.hqu.edu.cn,None,None,None,0,None,1
https://www.js.tv.itc.cn,None,None,235,0,None,1
https://www.placementstudy.com,None,None,78,0,None,1
https://www.vinevideodownload.com,None,None,108,0,None,1
https://www.zion.demon.nl,None,None,None,0,None,1
https://www.habitatmiddlekeys.org,56.14035087719298,0,163,0,0,1
https://www.aorb.ru,None,None,192,0,None,1
https://www.waystosavemoney.tv,None,None,None,0,None,1
https://www.sbm.hqu.edu.cn,None,None,None,0,None,1
https://www.stoevchen.com,13.636363636363635,0,263,0,None,1
https://www.basicincomeparty.kr,None,0,39,0,0,1
https://www.sweetsundays.co.uk,100.0,1,129,0,0,1
https://www.monarchweddingplanning.com,None,None,104,0,None,1
https://www.altavia.it,10.344827586206897,0,277,0,43,1
https://www.jobs.unibas.ch,11.29032258064516,1,None,0,None,1
https://www.ggxy.hqu.edu.cn,None,None,None,0,None,1
https://www.sxy.hqu.edu.cn,None,None,None,0,None,1
https://www.yongde.gov.cn,None,None,178,0,None,1
https://www.bedynamiconline.com,None,None,None,0,None,1
https://www.mim.icq.com,None,None,286,0,None,1
https://www.jollygoodsoda.com,92.20779220779221,1,104,0,0,1
https://www.hfradar.ndbc.noaa.gov,None,None,None,0,None,1
https://www.tetar.nl,None,None,103,0,None,1
https://www.amberkirkford.co.uk,5.3125,0,47,0,None,1
https://www.jjxy.hqu.edu.cn,None,None,None,0,None,1
https://www.yale.account.box.com,None,None,284,0,None,1
https://www.doxycycline0i0.com,None,None,8,0,None,1
https://www.nengapp.com,None,None,95,0,None,1
https://www.doa.vi.gov,None,None,None,0,None,1
https://www.wiki.impresscms.org,None,None,181,0,None,1
https://www.procarpetcleaningsydney.com.au,14.864864864864865,0,None,0,60,1
https://www.temdigital.com.br,1.2987012987012987,0,222,0,6,1
https://www.civil.hqu.edu.cn,None,None,None,0,None,1
https://www.med.hqu.edu.cn,None,None,None,0,None,1
https://www.mkszy.hqu.edu.cn,None,None,None,0,None,1
https://www.media.austrianwine.com,None,None,185,0,None,1
https://www.filmbatonrouge.com,None,1,199,0,0,1
https://www.movievicio.com,None,None,1,0,None,1
https://www.hgxy.hqu.edu.cn,None,None,None,0,None,1
https://www.lyxy.hqu.edu.cn,None,None,None,0,None,1
https://www.maths.hqu.edu.cn,None,None,None,0,None,1
https://www.info.docauthority.com,None,None,222,0,None,1
https://www.globalloveletters.com,None,None,127,0,None,1
https://www.gic.mn,5.0,0,51,0,79,1
https://www.happenentrappen.nl,17.5,0,220,0,1,1
https://www.saintvincenthome.org,3.614457831325301,0,242,0,None,1
https://www.gggl.hqu.edu.cn,None,None,None,0,None,1
https://www.jzxy.hqu.edu.cn,None,None,None,0,None,1
https://www.spsd.hqu.edu.cn,None,None,None,0,None,1
https://www.sta-iqe.hqu.edu.cn,None,None,None,0,None,1
https://www.wxy.hqu.edu.cn,None,None,None,0,None,1
https://www.autoupdateplus.com,96.07843137254902,1,23,0,0,1
https://www.grupocepas.com,None,0,105,0,0,1
https://www.thepoolarea.com,None,None,29,0,None,1
https://www.heart-project.eu,21.25984251968504,0,None,0,77,1
https://www.fhxy.hqu.edu.cn,None,None,None,0,None,1
https://www.xma.hqu.edu.cn,None,None,None,0,None,1
https://www.pvdsafestations.com,14.285714285714285,1,59,0,None,1
https://www.ajisaiya.jp,None,0,None,0,0,1
https://www.crdp-ks.org,26.666666666666668,0,5,0,22,1
https://www.apwa.ru,None,0,18,0,0,1
https://www.aviarygroup.ca,2.7777777777777777,0,264,0,None,1
https://www.bajalialaw.com,17.1875,0,185,0,None,1
https://www.emilycd.com,None,None,170,0,None,1
https://www.moto-ichi.com,68.33333333333333,1,29,0,None,1
https://www.cuvo.nibis.de,None,0,None,0,0,1
https://www.middlesexchess.blogspot.co.uk,None,None,None,0,None,1
https://www.nerss.cn,None,None,202,0,None,1
https://www.bootcampspain.com,None,None,161,0,None,1
https://www.carolinakitchenbbq.com,91.11111111111111,1,108,0,None,1
https://www.ernitec.com,None,None,311,0,None,1
https://www.cb4388c0-f641-4b7b-a3ad-281c0e6f8e88.filesusr.com,None,None,62,0,None,1
https://www.fz-forza.com,None,None,None,0,None,1
https://www.mig35.tass.com,None,None,349,0,None,1
https://www.moving-adventures.de,None,None,None,0,None,1
https://www.sfm.gr,92.85714285714286,1,None,0,None,1
https://www.landsortsvandrarhem.se,12.0,0,180,0,12,1
https://www.flavourbistro.com,20.0,0,68,0,11,1
https://www.godaille.com,14.04494382022472,0,46,0,None,1
https://www.kievforsale.com,None,None,None,0,None,1
https://www.opusnotion.com,None,None,None,0,None,1
https://www.darkradio.de,17.857142857142858,0,None,0,32,1
https://www.aresarchitecten.nl,8.16326530612245,0,180,0,None,1
https://www.hakto.org,77.64705882352942,1,29,0,None,1
https://www.sagaponackvillage.org,93.75,1,187,0,0,1
https://www.matchday.playersvote.com,None,None,72,0,None,1
https://www.sperrycga.com,20.3125,0,88,0,34,1
https://www.nezzwerk.com,None,None,280,0,None,1
https://www.thismachinegreens.com,None,0,14,0,0,1
https://www.uzundizi.com,None,None,None,0,None,1
https://www.berea.academia.edu,None,None,None,0,None,1
https://www.giaconda.co.il,None,None,None,0,None,1
https://www.betterpriorities.org,None,None,98,0,None,1
https://www.njrts.edu.cn,4.666666666666667,0,None,1,None,1
https://www.mudancesbarcelona.com,None,None,129,0,None,1
https://www.edmonds.patch.com,None,None,344,0,None,1
https://www.automa.cz,12.23021582733813,0,271,0,5,1
https://www.jugendmusikfest.de,97.5,1,None,0,0,1
https://www.klimat-pro.ru,6.356968215158925,0,192,0,6,1
https://www.isaotaste.com,0.0,0,181,0,1,1
https://www.wibibi.com,0.0,0,124,1,0,1
https://www.osto.space,100.0,1,None,0,0,1
https://www.barmouthwalkingfestival.co.uk,86.04651162790698,1,220,0,0,1
https://www.ghickman.co.uk,None,None,173,0,None,1
https://www.wms.ess-ws.nrcan.gc.ca,None,None,None,0,None,1
https://www.guanling.gov.cn,5.371900826446281,0,169,0,16,1
https://www.jenandshane.com,None,None,56,0,None,1
https://www.jerrypetrowski.com,None,None,127,0,None,1
https://www.anaoliva.com,100.0,None,155,0,0,1
https://www.tw.mag.chinayes.com,None,None,274,0,None,1
https://www.sidaniuslab.com,None,None,None,0,None,1
https://www.womensprofootball.com,95.55555555555556,1,17,0,None,1
https://www.bahai.cz,33.33333333333333,0,306,0,5,1
https://www.phoneservicecenter.es,20.54794520547945,0,None,1,None,1
https://www.dad.in-sl.online,None,None,72,0,None,1
https://www.eagleeyrie.org,None,None,260,0,0,1
https://www.satsharing.ru,None,None,None,0,None,1
https://www.spacetoearthchallenge.org.uk,12.195121951219512,0,90,0,26,1
https://www.bollywoodlocha.com,14.551083591331269,0,92,0,275,1
https://www.madisonartsnj.org,None,0,198,0,0,1
https://www.grossingermotorsarena.com,12.5,0,64,0,0,1
https://www.scttcmpbll.com,38.70967741935484,0,166,0,None,1
https://www.rb.rtfd.org,None,None,146,0,None,1
https://www.backpackinglight.co.uk,3.3333333333333335,0,225,0,0,1
https://www.edinburghcc.com,None,None,15,0,None,1
https://www.lore-craft.com,None,0,54,0,None,1
https://www.nahumtevet.com,None,0,161,0,0,1
https://www.theginnylee.com,75.30864197530865,1,236,0,0,1
https://www.inbit.de,None,None,None,0,None,1
https://www.pistenstuermer.de,None,None,None,0,None,1
https://www.uogbfans.de,None,None,None,0,None,1
https://www.dannyg.shop,14.285714285714285,1,27,0,0,1
https://www.kwbs.org.tw,16.216216216216218,0,237,0,None,1
https://www.koaren.be,14.925373134328357,0,None,0,None,1
https://www.jefflincolninteriorsnewyork.com,100.0,1,131,0,0,1
https://www.jplflex.com,None,0,278,0,0,1
https://www.myteachingcupboard.com,16.091954022988507,0,151,1,2,1
https://www.catalog.wcl.american.edu,None,None,None,0,None,1
https://www.gontijo.itch.io,None,None,132,0,None,1
https://www.helf.lss.gov.cn,None,None,257,0,None,1
https://www.edicionescallejon.com,None,None,187,0,None,1
https://www.in2veep.com,None,1,80,0,0,1
https://www.orangewallstudios.com,3.8461538461538463,0,224,0,None,1
https://www.theroadrunnerinn.com,0.0,0,188,0,None,1
https://www.citylabtokyo.jp,100.0,0,None,0,0,1
https://www.keywildeandmrclarke.com,None,None,122,0,None,1
https://www.leonardforag.com,None,None,61,0,None,1
https://www.mgtechgroup.com,18.75,0,194,0,12,1
https://www.math-magazine.myshopify.com,None,None,None,0,None,1
https://www.vipluxuryhair.com,35.36585365853659,1,160,0,0,1
https://www.ulrich-kreppein.de,None,None,None,0,None,1
https://www.statsrevisor.dk,None,None,201,0,None,1
https://www.andnoplacetogo.com,None,None,None,0,None,1
https://www.erklaerbauer.de,79.3103448275862,1,None,0,None,1
https://www.consumidor.mppr.mp.br,None,None,113,0,None,1
https://www.axa-chinaregion.com,None,None,283,0,None,1
https://www.akankshagurgaon.in,None,None,24,0,None,1
https://www.jendevore.rocks,97.14285714285714,1,93,0,None,1
https://www.beeflowernsunhoney.com,10.204081632653061,1,46,0,0,1
https://www.mounthopemagazine.com,1.8867924528301887,0,128,0,52,1
https://www.whartonhunt.com,4.878048780487805,0,185,0,2,1
https://www.fcvalls.org,None,0,218,0,0,1
https://www.maineclimateaction.org,35.9375,0,36,0,23,1
https://www.strem.co.uk,65.21739130434783,1,153,0,19,1
https://www.miishka.com,1.3793103448275863,1,152,0,0,1
https://www.dptr.jp,39.53488372093023,0,None,0,0,1
https://www.mutakenta.pixnet.net,None,None,220,0,None,1
https://www.szaudit.gov.cn,None,None,None,0,None,1
https://www.de.euro2008.uefa.com,None,None,305,0,None,1
https://www.library.mat.uniroma1.it,None,None,321,0,None,1
https://www.photographynowandthen.com,None,1,131,0,0,1
https://www.fdelaitre.perso.sfr.fr,None,None,315,0,None,1
https://www.sesegria.cat,None,None,88,0,None,1
https://www.forums.zentoolworks.com,None,None,188,0,None,1
https://www.blog.benpri.me,None,None,51,0,None,1
https://www.matcha-choco010.net,3.4090909090909087,1,55,0,0,1
https://www.coolmatsuyama.com,None,None,None,0,None,1
https://www.hosptm.ro,3.9755351681957185,0,264,0,271,1
https://www.brewlaboratory.com,None,None,166,0,None,1
https://www.circlecitybicycles.com,88.88888888888889,0,255,0,None,1
https://www.terada164.com,6.521739130434782,0,49,0,None,1
https://www.juliakeller.net,None,None,192,0,None,1
https://www.aequitaz.org,5.88235294117647,0,129,0,None,1
https://www.lineborovfd.org,0.0,0,138,0,8,1
https://www.blog.klemespen.com,None,None,156,0,None,1
https://www.goshutehousing.com,None,0,65,0,0,1
https://www.mitchelleason.com,19.642857142857142,1,69,0,0,1
https://www.thumbsup-games.com,None,None,None,0,None,1
https://www.saint-denis-de-lhotel.com.fr,None,None,220,0,None,1
https://www.barry-douglas.com,None,None,174,0,None,1
https://www.maciekpp.blogspot.ie,None,None,None,0,None,1
https://www.careerdost.in,97.45222929936305,0,74,0,0,1
https://www.relief.lackawannacounty.org,None,None,277,0,None,1
https://www.aveluz.com,None,None,170,0,None,1
https://www.smallislandread.com,None,None,6,0,0,1
https://www.younergycrypto.substack.com,None,None,150,0,None,1
https://www.thechaat.co,None,None,91,0,None,1
https://www.engrais-agricole.com,0.8130081300813009,0,22,0,120,1
https://www.joristeepe.com,22.0,0,223,0,3,1
https://www.ippesheim.de,5.158730158730158,0,None,0,2,1
https://www.meine-ernte.shop,6.567796610169492,0,30,0,369,1
https://www.unwanted-guest.com,29.268292682926827,0,15,0,3,1
https://www.zazpistm.com,21.568627450980394,0,15,0,33,1
https://www.kurobuta-ajito.jp,None,None,None,0,None,1
https://www.azabbg.co,None,None,26,0,None,1
https://www.lamima.blogia.com,None,None,230,0,None,1
https://www.jewelry-life.com,98.76543209876543,1,39,0,0,1
https://www.smartholograms.com,None,None,50,0,None,1
https://www.thehouseoftomorrowfilm.com,0.0,0,92,0,None,1
https://www.academics.columbusstate.edu,None,None,None,0,None,1
https://www.irtf.ifa.hawaii.edu,None,None,None,0,None,1
https://www.maxkapustin.com,68.75,0,86,0,0,1
https://www.pflegeberufekammer-sh.de,None,None,None,0,None,1
https://www.talant.nl,None,1,266,0,0,1
https://www.environmentaldefensefung.com,None,None,None,0,None,1
https://www.christianbentz.de,None,None,None,0,None,1
https://www.consultasg.psoe.es,None,None,None,0,None,1
https://www.aec.uk.net,2.803738317757009,1,None,0,0,1
https://www.zgsyw.gov.cn,None,None,119,0,None,1
https://www.autokratz.com,None,None,194,0,None,1
https://www.bizimantalya.com,None,None,198,0,None,1
https://www.conceptonevideo.com,13.636363636363635,0,250,0,0,1
https://www.envycorner.com,0.0,0,141,0,0,1
https://www.jumpinjiveclub.com,8.333333333333332,0,270,0,8,1
https://www.siorajazz.com,None,None,264,0,None,1
https://www.truewebinc.com,97.22222222222221,1,26,0,0,1
https://www.seeweg.de,19.35483870967742,0,None,0,0,1
https://www.archives2006.ghazali.net,None,None,293,0,None,1
https://www.kylelarsonfoundation.org,11.76470588235294,0,29,0,15,1
https://www.ssarbloodhounds.org,83.0,1,216,0,None,1
https://www.serv-tech.ru,None,None,105,0,None,1
https://www.bestprolighting.com,72.45508982035929,1,196,0,1,1
https://www.englishsandwich.github.io,None,None,None,0,None,1
https://www.myconstructor.co.uk,90.14084507042254,1,46,0,0,1
https://www.louisandsteens.com,25.0,1,77,0,0,1
https://www.batchapp.webs.com,None,None,330,0,None,1
https://www.rencontresnpp.sitew.fr,None,None,175,0,None,1
https://www.jp-hc.com,94.73684210526315,1,70,0,0,1
https://www.koh-kong-cambodia.com,None,0,155,0,0,1
https://www.smuxx-store.com,None,None,None,0,None,1
https://www.themerobo.com,None,None,1,0,0,1
https://www.saluang.cmru.ac.th,None,None,None,0,None,1
https://www.elizabethan-erasextonbatch.org.uk,None,None,None,0,None,1
https://www.enniskillen.ca,100.0,0,207,0,0,1
https://www.krizia.net,None,1,6,0,0,1
https://www.rjan.net,None,0,202,0,0,1
https://www.rabonesystems.com.au,35.064935064935064,0,None,0,0,1
https://www.bukidnononline.com,11.688311688311687,0,180,0,None,1
https://www.vbsocial.com,None,0,127,0,0,1
https://www.ney.frota.net,None,None,124,0,None,1
https://www.signorsassi.co.uk,70.58823529411765,1,184,0,None,1
https://www.adharayoga.com,5.128205128205128,0,134,0,None,1
https://www.cokobar.com,1.1976047904191618,0,216,0,None,1
https://www.schomeoffer.com,13.592233009708737,0,71,0,80,1
https://www.vd17.bibliothek.uni-halle.de,None,None,None,0,None,1
https://www.galleriaverrengia.it,0.0,0,212,0,3,1
https://www.vaghestelle.net,None,None,4,0,None,1
https://www.epic-africa.org,30.76923076923077,1,83,0,1,1
https://www.mothlite.blogspot.co.uk,None,None,None,0,None,1
https://www.metaphormonitor.com,None,None,53,0,None,1
https://www.theawfulshow.com,None,None,7,0,None,1
https://www.community.thefa.com,None,None,291,0,None,1
https://www.mishpativri.org.il,98.33333333333333,1,None,0,0,1
https://www.immaginifuorifuoco.it,None,None,None,0,None,1
https://www.bogushtime.com,17.647058823529413,1,154,0,0,1
https://www.kadaiku.com,3.3980582524271843,0,146,0,None,1
https://www.vietnamesepod101.com,None,0,196,0,0,1
https://www.vwmidtowntoronto.com,13.10344827586207,0,137,0,None,1
https://www.hibiscusmonkey.com,9.67741935483871,0,39,0,0,1
https://www.miroarchitetti.com,0.0,0,144,0,27,1
https://www.datingnakedgame.vh1.com,None,None,335,0,None,1
https://www.jrbabe.pw,59.09090909090909,0,23,0,None,1
https://www.ndvulab.co,None,None,None,0,None,1
https://www.blawnox.com,None,0,274,0,37,1
https://www.naturotrade.com,81.08108108108108,None,104,0,None,1
https://www.realradios.com,None,1,125,0,0,1
https://www.schoema.de,25.0,0,None,0,None,1
https://www.bemarnet.es,52.702702702702695,1,None,0,None,1
https://www.tenten909.blog.shinobi.jp,None,None,None,0,None,1
https://www.linyichen.com,None,None,206,0,None,1
https://www.defibtech.fr,1.4492753623188406,0,186,0,132,1
https://www.campmohawk.org.uk,None,0,270,0,0,1
https://www.therapywithlee.com,None,0,45,0,0,1
https://www.toughjeans.com,None,None,272,0,None,1
https://www.patuvol.mydns.jp,None,None,None,0,None,1
https://www.cyplp.net.ng,68.75,1,None,0,1,1
https://www.brightfiservices.com,11.842105263157894,0,28,0,0,1
https://www.manilashopper.com,43.51851851851852,0,139,0,None,1
https://www.spendingdiary.com,None,0,184,0,0,1
https://www.berg.upf.edu,None,None,None,0,None,1
https://www.aprr.eus,27.586206896551722,0,None,0,None,1
https://www.solacetechinformationservices.com,None,None,None,0,None,1
https://www.30kprize.uiuc.edu,None,None,None,0,None,1
https://www.eaea.org.hk,0.0,1,None,0,None,1
https://www.p076.ezboard.com,None,None,287,0,None,1
https://www.jiupaicn.com,None,None,85,0,None,1
https://www.ingen.io,3.571428571428571,0,113,0,2,1
https://www.athensswcd.org,4.761904761904762,0,162,0,None,1
https://www.roteirosliterarios.com.br,100.0,1,49,0,0,1
https://www.illeatyou.com,None,1,2,0,0,1
https://www.sweetteaacousticduo.com,17.647058823529413,0,47,0,11,1
https://www.diekopernikusapotheke.de,None,None,None,0,None,1
https://www.sizilien-guide.de,None,None,None,0,None,1
https://www.nishizak.cool.ne.jp,None,None,None,0,None,1
https://www.park.creafile.com,None,None,85,0,None,1
https://www.foodandphotography.com,23.809523809523807,1,181,0,None,1
https://www.withouthotair.blogspot.co.uk,None,None,None,0,None,1
https://www.todascifras.com.br,None,None,88,0,None,1
https://www.colorboxphotographers.com,8.108108108108109,1,139,0,None,1
https://www.world-map.com,None,None,288,0,None,1
https://www.mountaincrisisservices.org,None,None,129,0,0,1
https://www.feedbackfin.com,60.86956521739131,0,7,0,0,1
https://www.mothertongues.com,None,None,170,0,None,1
https://www.mypixieset.com,100.0,1,45,1,0,1
https://www.numerologymode.com,20.0,0,43,0,4,1
https://www.secureclubtx.net,None,0,113,0,0,1
https://www.illinoiscaresforkids.org,None,None,25,0,None,1
https://www.kasses.at,43.47826086956522,1,None,0,12,1
https://www.carersupport.org.au,83.78378378378379,1,None,0,0,1
https://www.brooksbenjamin.com,20.0,0,96,0,12,1
https://www.ssdp.nationbuilder.com,None,None,277,0,None,1
https://www.thefriscowoodscampground.com,None,None,147,0,None,1
https://www.casinoonlinejapan.jp,0.45558086560364464,0,None,0,70,1
https://www.futurityit.com,95.77464788732394,1,129,0,0,1
https://www.mobieltjes-museum.nl,92.10526315789474,1,128,0,1,1
https://www.informator-stolicy.pl,4.3478260869565215,0,154,0,0,1
https://www.champion-eu.com,None,None,303,0,None,1
https://www.kreomotors.com,None,1,47,0,0,1
https://www.reluctantfemme.com,None,None,None,0,None,1
https://www.birdmotion.fr,None,None,None,0,None,1
https://www.guidebook.americaspromise.org,None,None,295,0,None,1
https://www.vnutri.org,0.0,0,139,1,178,1
https://www.apparat-c.com,None,None,111,0,None,1
https://www.replusd.com,None,None,None,0,None,1
https://www.rubyonrailsexamples.com,None,None,96,0,None,1
https://www.wraser.com,76.92307692307693,1,249,0,0,1
https://www.admissionsblog.nyu.edu,None,None,None,0,None,1
https://www.platformbioenergie.nl,89.52380952380953,1,235,0,0,1
https://www.kinsmanlibrary.org,12.23021582733813,0,306,0,None,1
https://www.sachistoryday.org,None,None,190,0,None,1
https://www.east-media.ru,None,1,186,0,0,1
https://www.ventdelpla.cat,None,None,None,0,None,1
https://www.rarpc.co,99.3006993006993,1,24,1,0,1
https://www.xenicalbestchoice.com,None,None,None,0,None,1
https://www.brusselscity.net,None,None,211,0,None,1
https://www.littledots.info,None,None,None,0,None,1
https://www.arts-sceniques.be,None,None,None,0,None,1
https://www.bacfestival.com,0.0,0,217,0,0,1
https://www.dg-arq.com,None,None,160,0,None,1
https://www.watchandwhirl.com,None,None,None,0,None,1
https://www.lunge.de,54.43383356070941,0,None,1,None,1
https://www.albergodelchianti.it,8.16326530612245,0,285,0,None,1
https://www.clwydauctions.co.uk,86.66666666666667,1,271,0,None,1
https://www.cms5.estadao.com.br,None,None,186,0,None,1
https://www.diamdel.com,None,1,237,0,0,1
https://www.drakepowe.com,11.11111111111111,1,85,0,0,1
https://www.egocentrisme.com,None,None,63,0,None,1
https://www.thaisslab.com,42.10526315789473,0,62,0,15,1
https://www.proeftuinrandwijk.nl,34.32835820895522,1,83,0,None,1
https://www.l8r.nu,None,None,94,0,None,1
https://www.tlf.org.za,61.61616161616161,1,201,0,None,1
https://www.hndaily.cn,None,None,235,0,None,1
https://www.artmachine.com,16.666666666666664,0,284,0,13,1
https://www.carlymichellephotography.com,None,1,140,0,0,1
https://www.grantandsain.com,12.149532710280374,0,80,0,77,1
https://www.saintmarknorman.org,100.0,0,217,0,0,1
https://www.lysekilspastorat.se,None,None,234,0,None,1
https://www.afterall.be,None,0,None,0,0,1
https://www.gwplotter.com,None,None,52,0,None,1
https://www.moohong.com,None,0,119,0,0,1
https://www.community.siena.edu,None,None,None,0,None,1
https://www.aprin.or.jp,4.545454545454546,0,None,0,31,1
https://www.fbvideosaver.net,20.0,0,59,1,0,1
https://www.nowemiasto.com.pl,None,0,217,0,61,1
https://www.newyorkcity.employmentguide.com,None,None,None,0,None,1
https://www.buyviagracialis.com,None,None,None,0,None,1
https://www.terencewatts.com,95.83333333333334,1,None,0,1,1
https://www.dazysahjaipur.website2.me,None,None,63,0,None,1
https://www.metforminforsale.online,None,None,14,0,None,1
https://www.m-yoga.org,6.25,0,135,0,0,1
https://www.kulture.com.sg,3.7037037037037033,0,None,0,20,1
https://www.haveageekasm.com,None,None,None,0,None,1
https://www.kyotomoyashihouse.com,4.0,0,86,0,0,1
https://www.makeawish.org.mx,None,None,54,0,0,1
https://www.baclofenmed.com,None,None,1,0,None,1
https://www.www.myspace.com,None,None,320,0,None,1
https://www.viveraltadelisboa.org,None,None,None,0,None,1
https://www.klaussvianna.art.br,None,None,258,0,None,1
https://www.otelika.com,20.0,1,66,0,None,1
https://www.marverinecole.co.uk,33.33333333333333,0,187,0,None,1
https://www.ausnathealth.com.au,None,0,None,0,49,1
https://www.isaacgellisprovisions.com,6.25,0,96,0,None,1
https://www.pieper-erlebnisreisen.de,7.2727272727272725,0,None,0,47,1
https://www.mayfairstationers.co.uk,0.199203187250996,0,288,0,434,1
https://www.vat.at,89.74358974358975,1,None,0,0,1
https://www.bakerstreetpsych.com,89.14728682170544,1,47,0,None,1
https://www.bcparis.com,11.11111111111111,1,259,0,None,1
https://www.big5.chbcnet.com,None,None,162,0,None,1
https://www.kocbrewing.com,None,None,51,0,None,1
https://www.nourishnestbreathe.com,None,None,54,0,0,1
https://www.ta.tokopedia.com,None,None,173,0,None,1
https://www.totalhomedecor.com,None,1,213,0,0,1
https://www.sophiameola.blogspot.co.uk,None,None,None,0,None,1
https://www.andrologycorner.com,96.06986899563319,1,81,1,0,1
https://www.cmsmusicgroup.com,72.72727272727273,1,23,0,None,1
https://www.exportmart.com,None,None,16,0,None,1
https://www.i-chaney.com,None,None,None,0,None,1
https://www.embed-376104.secondstreetapp.com,None,None,115,0,None,1
